"ensembl_gene_id","baseMean","log2FoldChange","lfcSE","stat","pvalue","padj","gene_type","gene_name"
"ENSG00000186529.16",401.114358945058,2.89533629312327,0.277003803900087,10.4523340559164,1.42962820304184e-25,2.18132671220124e-21,"protein_coding","CYP4F3"
"ENSG00000134574.12",2828.40703493922,0.992337848369532,0.107347291648564,9.24418150779496,2.37047961594327e-20,1.80843889900312e-16,"protein_coding","DDB2"
"ENSG00000080546.13",1999.841453898,1.09206702708874,0.129789459525719,8.41414265133244,3.9577884924828e-17,2.01293122727675e-13,"protein_coding","SESN1"
"ENSG00000100298.15",95.0530752922441,2.81921068352755,0.359209828797214,7.84836732604854,4.21488186738038e-15,1.2862133506498e-11,"protein_coding","APOBEC3H"
"ENSG00000108381.11",92.110249472811,3.22744523609459,0.41003747361194,7.87109823808212,3.51541449109668e-15,1.2862133506498e-11,"protein_coding","ASPA"
"ENSG00000064115.11",6379.24610239496,0.874597068083047,0.113111139073057,7.7321922071544,1.05710174746954e-14,2.47375948451793e-11,"protein_coding","TM7SF3"
"ENSG00000261804.2",261.071899692113,2.09656293484651,0.271464767067291,7.72314933350747,1.13490079903169e-14,2.47375948451793e-11,"lncRNA","AC007342.4"
"ENSG00000135423.13",180.316870247002,3.24414555363007,0.430592534115772,7.53414259792489,4.915538738492e-14,9.37516125898886e-11,"protein_coding","GLS2"
"ENSG00000140545.15",230.30719517836,1.99511223706289,0.271527222102624,7.34774296887565,2.01581652261955e-13,3.41748094468101e-10,"protein_coding","MFGE8"
"ENSG00000135679.25",27490.8757472918,0.925034805731496,0.132800712122448,6.96558618509948,3.2703913667401e-12,4.98996314737204e-09,"protein_coding","MDM2"
"ENSG00000107796.13",182.598400008194,1.71460543726358,0.247834718456709,6.9183423853631,4.56958813606199e-12,6.33843416182126e-09,"protein_coding","ACTA2"
"ENSG00000220785.7",395.199186307156,1.54927826677073,0.227576805038106,6.80771604343121,9.91603362476922e-12,1.26082367538941e-08,"transcribed_unprocessed_pseudogene","MTMR9LP"
"ENSG00000115129.14",1042.638799341,1.66277256891579,0.245427613790292,6.77500197812527,1.24404557769035e-11,1.36807951260289e-08,"protein_coding","TP53I3"
"ENSG00000161513.12",4111.65684795466,1.56496123065325,0.231034859886916,6.77370173236733,1.2552833383432e-11,1.36807951260289e-08,"protein_coding","FDXR"
"ENSG00000270164.1",79.7000315598499,2.34609305184767,0.357779059070392,6.55737945631434,5.47615440666699e-11,5.57034426246167e-08,"lncRNA","LINC01480"
"ENSG00000124762.14",5381.71946547895,1.50576067705023,0.237096559788544,6.3508330883972,2.14151971799904e-10,2.04220674107683e-07,"protein_coding","CDKN1A"
"ENSG00000087088.20",1926.14358284618,0.894988110823134,0.142711533932315,6.27130888557058,3.58025558881022e-10,3.21338469259214e-07,"protein_coding","BAX"
"ENSG00000183508.5",426.465485734364,1.5805949701251,0.256903137711498,6.15249383174179,7.62739391531687e-10,5.81893881799524e-07,"protein_coding","TENT5C"
"ENSG00000234546.4",48.4874335532551,3.46937147206136,0.563622616181774,6.15548661897992,7.4847315680017e-10,5.81893881799524e-07,"lncRNA","LNCTAM34A"
"ENSG00000244509.4",1239.85104335867,1.23167452391149,0.199917213129387,6.16092283716632,7.23222280854972e-10,5.81893881799524e-07,"protein_coding","APOBEC3C"
"ENSG00000143344.15",166.822234597585,1.00922798650235,0.164898271900332,6.12030662827291,9.33954599526694e-10,6.78584727598966e-07,"protein_coding","RGL1"
"ENSG00000143603.19",6149.88237903244,0.84064996126071,0.138989395304244,6.04830288973161,1.46379566168268e-09,1.01520882754338e-06,"protein_coding","KCNN3"
"ENSG00000186115.13",74.5342548126765,2.78949187349889,0.465241481044953,5.99579355485148,2.02494138006302e-09,1.34332850334789e-06,"protein_coding","CYP4F2"
"ENSG00000132563.16",382.520672579969,1.38075331684699,0.231351139384569,5.96821489844405,2.39863318965302e-09,1.52493105032191e-06,"protein_coding","REEP2"
"ENSG00000196734.9",64.0270244960061,2.64573373160496,0.456616045351633,5.79421980138153,6.86395152736689e-09,4.18920689618256e-06,"protein_coding","LCE1B"
"ENSG00000262714.1",128.413665403589,2.03762064624032,0.354061707711774,5.75498734220381,8.66482869735452e-09,5.08492139477828e-06,"lncRNA","AC007342.5"
"ENSG00000012822.16",859.900129050184,0.636630222892769,0.111051471338722,5.73274910470083,9.88157515229667e-09,5.58418791384232e-06,"protein_coding","CALCOCO1"
"ENSG00000164308.17",2487.55767751244,0.611840440730669,0.107481098651362,5.6925398828989,1.25163349185987e-08,6.82050850671351e-06,"protein_coding","ERAP2"
"ENSG00000279141.3",20.0949408743471,3.72181923170584,0.66521341909318,5.59492506446944,2.20717079104026e-08,1.16127627343766e-05,"lncRNA","AL590226.2"
"ENSG00000072110.13",55.9210433922028,1.90783351121597,0.34292629912636,5.56339223931313,2.64580271437706e-08,1.22332296412016e-05,"protein_coding","ACTN1"
"ENSG00000170836.12",2168.48768409875,0.729182025246226,0.131019371553625,5.56545201369538,2.61473732428495e-08,1.22332296412016e-05,"protein_coding","PPM1D"
"ENSG00000182568.17",819.858481106584,0.855690090496096,0.15380139843621,5.56360409720849,2.6425910349727e-08,1.22332296412016e-05,"protein_coding","SATB1"
"ENSG00000197852.12",872.929541881138,1.09489165678834,0.196338824363815,5.57654177840807,2.45347011475051e-08,1.22332296412016e-05,"protein_coding","INKA2"
"ENSG00000177076.6",368.353304339566,1.43086708035055,0.258924413038312,5.52619609545599,3.27248351823993e-08,1.4273759551082e-05,"protein_coding","ACER2"
"ENSG00000267106.7",260.188370767596,1.09430701419507,0.198025099316061,5.52610258989685,3.27422718762531e-08,1.4273759551082e-05,"lncRNA","ZNF561-AS1"
"ENSG00000136048.14",504.334977103504,0.910179542190265,0.16566947783793,5.49394827622182,3.93045650973764e-08,1.6658584840438e-05,"protein_coding","DRAM1"
"ENSG00000116106.12",20.4625858340736,2.47046467766706,0.451866734594675,5.46724175189189,4.5709245209348e-08,1.87313259152179e-05,"protein_coding","EPHA4"
"ENSG00000147434.9",190.151246601969,1.19925477966388,0.219497920598653,5.46362706486267,4.66503070375069e-08,1.87313259152179e-05,"protein_coding","CHRNA6"
"ENSG00000128567.17",73.3133545986772,3.32357668003006,0.623058812448107,5.33429046123454,9.59188788649143e-08,3.75264167620734e-05,"protein_coding","PODXL"
"ENSG00000143297.19",1122.7201310761,0.780474788821516,0.147351344842345,5.29669267461769,1.17918907003595e-07,4.4905481081832e-05,"protein_coding","FCRL5"
"ENSG00000144130.11",48.0458118202482,1.78530688558878,0.337328741547038,5.29248375753904,1.20666189825345e-07,4.4905481081832e-05,"protein_coding","NT5DC4"
"ENSG00000104951.16",30.6951574339042,1.75234798698013,0.335158338282326,5.22841829315913,1.70966359188406e-07,6.1724482452489e-05,"protein_coding","IL4I1"
"ENSG00000112773.16",282.542441751562,1.2954692598077,0.247926432353945,5.22521639789605,1.7395154970881e-07,6.1724482452489e-05,"protein_coding","TENT5A"
"ENSG00000162643.13",525.850519316602,1.54509472731705,0.30096252559964,5.13384423605097,2.83883070505442e-07,9.84429065857282e-05,"protein_coding","WDR63"
"ENSG00000104998.4",565.761269423088,1.3110408867421,0.255944357905017,5.12236682016891,3.01724195182281e-07,0.000102304617113139,"protein_coding","IL27RA"
"ENSG00000164047.6",159.827536316196,1.01691668647577,0.1988959080372,5.11280848616342,3.17404051389515e-07,0.000105281543828287,"protein_coding","CAMP"
"ENSG00000163950.13",3814.00082976881,-0.61424978315115,0.120522457872149,-5.09655871607555,3.45883317171083e-07,0.000112286971348859,"protein_coding","SLBP"
"ENSG00000185088.14",10559.5085486916,1.01938613444284,0.200479177644966,5.08474818391412,3.68114132867421e-07,0.000117014279985231,"protein_coding","RPS27L"
"ENSG00000197191.6",205.496311236936,1.45448902606024,0.288066640421218,5.04914079580145,4.4380156964709e-07,0.000138194374483169,"protein_coding","CYSRT1"
"ENSG00000170324.21",23.8827453756821,4.06947856793496,0.807477505516223,5.03974233354443,4.66159026689178e-07,0.00014225308858447,"protein_coding","FRMPD2"
"ENSG00000237886.1",35.6458911901684,1.8855276501179,0.374779145386498,5.03103674078081,4.87834641401732e-07,0.000145948646245248,"lncRNA","NALT1"
"ENSG00000140297.13",72.980931539827,2.85544697948781,0.572589493235948,4.98690076087574,6.13555603577728e-07,0.000176634554705453,"protein_coding","GCNT3"
"ENSG00000141179.14",387.674181563475,0.583978030156194,0.117067518064704,4.98838652950194,6.08856559654048e-07,0.000176634554705453,"protein_coding","PCTP"
"ENSG00000095303.17",131.327214658259,1.94287411883361,0.390547600585092,4.97474345232931,6.53341079053027e-07,0.000184605151559094,"protein_coding","PTGS1"
"ENSG00000100767.17",124.683709596514,2.08413982007042,0.41956863568765,4.96733941195254,6.78777263705931e-07,0.00018830515435682,"protein_coding","PAPLN"
"ENSG00000226859.1",73.3092060977816,2.05613536450998,0.415817898855885,4.94479763898428,7.62230010371136e-07,0.000207680455325764,"lncRNA","LINC02051"
"ENSG00000118242.16",178.270653464849,0.812522121414764,0.166070415650887,4.89263616418501,9.94942348785818e-07,0.00026633035715393,"protein_coding","MREG"
"ENSG00000102316.17",929.622873969606,0.592830576605006,0.121663867673598,4.8726921800272,1.10087680403784e-06,0.000289606522000162,"protein_coding","MAGED2"
"ENSG00000099810.21",921.453476883463,-0.487138698756663,0.100203202126931,-4.86150829930151,1.16494695526524e-06,0.000296314726148834,"protein_coding","MTAP"
"ENSG00000130768.15",66.2941406509574,1.28250140769537,0.263809796921107,4.86146239701211,1.16521716928366e-06,0.000296314726148834,"protein_coding","SMPDL3B"
"ENSG00000132274.16",8534.63149266188,1.17750158182221,0.244534124773731,4.81528532229094,1.46989712306231e-06,0.000367667054158766,"protein_coding","TRIM22"
"ENSG00000277639.2",35.1086149838512,2.96058058129201,0.615902611622101,4.80689726821378,1.53290709285468e-06,0.000377243490689947,"protein_coding","AC007906.2"
"ENSG00000125124.12",604.115388280245,0.590828800970828,0.123044276878147,4.80175767586442,1.57278952965834e-06,0.000380914645135348,"protein_coding","BBS2"
"ENSG00000224318.6",23.9027151949778,3.15043996203365,0.657796571076026,4.78938337559308,1.67294593092377e-06,0.000398840765844296,"lncRNA","CHL1-AS2"
"ENSG00000120889.13",3732.80026765931,0.79922678713858,0.167403262583449,4.77426051801213,1.80368772478034e-06,0.000418104300364561,"protein_coding","TNFRSF10B"
"ENSG00000246090.7",79.3503559734395,1.36212155648671,0.285337640470365,4.77371844191786,1.8085518301259e-06,0.000418104300364561,"lncRNA","AP002026.1"
"ENSG00000148541.13",148.624746240791,1.83550665913696,0.38530976478898,4.76371695418152,1.90059055674639e-06,0.000432824040519948,"protein_coding","FAM13C"
"ENSG00000151689.13",68.5777508489612,1.41085299587991,0.296503940805613,4.75829424744428,1.95235759791791e-06,0.000438074591603403,"protein_coding","INPP1"
"ENSG00000167552.14",3979.44122590506,0.696351005848759,0.146493735223772,4.75345245846226,1.99972143107486e-06,0.000442199269497685,"protein_coding","TUBA1A"
"ENSG00000183856.11",264.518403476949,0.819211414976485,0.172585813500416,4.7466903470285,2.06772133594706e-06,0.000450704173484003,"protein_coding","IQGAP3"
"ENSG00000136235.17",152.983572163973,1.41670702397723,0.300159608604347,4.71984565333257,2.36023663664342e-06,0.000507218177491624,"protein_coding","GPNMB"
"ENSG00000135926.15",432.889898653319,1.10352231365553,0.23428052509027,4.71026054440648,2.47400316582791e-06,0.000524282504225031,"protein_coding","TMBIM1"
"ENSG00000109861.16",811.803611879165,-0.520751187345424,0.110861620800234,-4.69730808179132,2.63612682534543e-06,0.000550986617823569,"protein_coding","CTSC"
"ENSG00000161509.14",153.4274681269,1.14029307301759,0.243421842529085,4.68443201797447,2.80737322541921e-06,0.000571132008979284,"protein_coding","GRIN2C"
"ENSG00000260912.1",260.565071329807,1.24730245228598,0.266225935676028,4.6851274993877,2.79785709838871e-06,0.000571132008979284,"lncRNA","AL158206.1"
"ENSG00000130517.14",695.687063009663,0.706233127164516,0.150893604392998,4.68033837488005,2.86401821609641e-06,0.000574989341331566,"protein_coding","PGPEP1"
"ENSG00000177984.7",39.1441687075445,2.58749959521268,0.557647687522373,4.64002568845741,3.48365870982585e-06,0.0006903073323964,"protein_coding","LCN15"
"ENSG00000163346.17",934.047126071545,0.707302307444346,0.152667179100123,4.63296899578185,3.60458539014495e-06,0.000696186884592805,"protein_coding","PBXIP1"
"ENSG00000172890.13",2110.3918028132,0.691798289423978,0.149249158783672,4.63519054353064,3.56608840628242e-06,0.000696186884592805,"protein_coding","NADSYN1"
"ENSG00000139211.6",1026.74695546831,0.588859616013331,0.127191825673901,4.62969701781836,3.66201157038774e-06,0.000697411956175869,"protein_coding","AMIGO2"
"ENSG00000170854.18",1329.26551509522,-0.394881636368635,0.0853350099752671,-4.62742825580129,3.70234424238074e-06,0.000697411956175869,"protein_coding","RIOX2"
"ENSG00000224294.1",55.1385409235486,2.00968722325626,0.434788697178406,4.62221588624146,3.79662595604173e-06,0.000706450229722984,"lncRNA","PINCR"
"ENSG00000196743.9",3481.79546702501,1.00944985900671,0.218647155768842,4.61679849187668,3.89705341826787e-06,0.000716400494649774,"protein_coding","GM2A"
"ENSG00000170734.12",3328.73801570783,0.582641849539026,0.126369177956799,4.6106325843016,4.01445509005755e-06,0.000722967825516822,"protein_coding","POLH"
"ENSG00000175938.7",174.492949524246,1.43056440895895,0.310646597940882,4.60511854448569,4.12230966181436e-06,0.000722967825516822,"protein_coding","ORAI3"
"ENSG00000239713.9",358.384334896987,0.748834412125952,0.162466889588451,4.6091509108277,4.04316786863328e-06,0.000722967825516822,"protein_coding","APOBEC3G"
"ENSG00000253125.1",59.0044752237482,3.320103538361,0.720914335573209,4.6054064602851,4.11660997794145e-06,0.000722967825516822,"lncRNA","AC055854.1"
"ENSG00000028137.19",278.895273553264,1.2497730683015,0.271917622397011,4.5961459109729,4.30377372356695e-06,0.000741590469953082,"protein_coding","TNFRSF1B"
"ENSG00000136003.15",3469.84337611306,0.516567215951483,0.112417303782753,4.59508633074632,4.32570139112756e-06,0.000741590469953082,"protein_coding","ISCU"
"ENSG00000130513.6",488.183221748909,1.41745877532499,0.309844915855455,4.57473627221384,4.76820234257354e-06,0.000808369237144301,"protein_coding","GDF15"
"ENSG00000133321.11",164.589742627735,1.01372114574178,0.222714335807203,4.55166544204559,5.32229216201246e-06,0.000892390481406441,"protein_coding","PLAAT4"
"ENSG00000250337.7",1258.50118091003,1.15712578629333,0.254431042970834,4.54789546425737,5.41850366225339e-06,0.000898647053028938,"lncRNA","PURPL"
"ENSG00000139410.15",23.6674254726781,1.58861429818316,0.350131380350807,4.5371948569462,5.70074291049826e-06,0.000935289627186909,"protein_coding","SDSL"
"ENSG00000169896.18",70.3405956462427,1.95504802491834,0.433692698528611,4.50791085842862,6.54690695211053e-06,0.00106268836463088,"protein_coding","ITGAM"
"ENSG00000116885.18",87.9585301110028,0.941812900382805,0.209040151513992,4.50541627319748,6.6242954713883e-06,0.00106393158213098,"protein_coding","OSCP1"
"ENSG00000111110.12",42.6047912574134,3.11136143286675,0.69118845040888,4.50146617905173,6.74863049367247e-06,0.00107261045908807,"protein_coding","PPM1H"
"ENSG00000145414.9",308.248302331816,-0.725013726783626,0.161318601491859,-4.49429712431653,6.98001122028792e-06,0.00109794856906343,"protein_coding","NAF1"
"ENSG00000173530.6",364.530250075193,0.738993984296957,0.165434362064442,4.46699207513548,7.93270672538478e-06,0.00123507386955021,"protein_coding","TNFRSF10D"
"ENSG00000120280.6",398.994645368956,0.878713227504294,0.197071744356689,4.45884939199538,8.24007926007455e-06,0.00126997100353755,"protein_coding","CXorf21"
"ENSG00000175305.17",1930.27842576093,-1.02048317057408,0.229601380550176,-4.44458638762875,8.80611187377123e-06,0.00134363654970001,"protein_coding","CCNE2"
"ENSG00000163521.16",63.4928336775526,1.0658695361479,0.240931886999826,4.4239454952207,9.69144804934191e-06,0.0014640803399689,"protein_coding","GLB1L"
"ENSG00000164938.14",6880.73046772623,0.709578679311272,0.160837091874099,4.41178506178613,1.02521861812118e-05,0.00153360643875421,"protein_coding","TP53INP1"
"ENSG00000130477.15",91.4397134698228,1.44001101792838,0.32663538959678,4.40861910188612,1.0403180468702e-05,0.00154108473389762,"protein_coding","UNC13A"
"ENSG00000225648.5",836.908394103207,-0.613510811190341,0.139407037591979,-4.40085968246443,1.07822836169885e-05,0.00158188541757702,"transcribed_unprocessed_pseudogene","SBDSP1"
"ENSG00000196072.12",2756.2320731427,0.566893124594773,0.129147741144024,4.38949314616801,1.13615159021502e-05,0.00165099056795246,"protein_coding","BLOC1S2"
"ENSG00000142949.17",19.7763837600913,2.87192937237094,0.656905888436097,4.37190383421312,1.23167777563818e-05,0.00177291882081956,"protein_coding","PTPRF"
"ENSG00000102038.15",28.4882466920119,2.50234474295162,0.57371060725021,4.36168463913425,1.29064811553824e-05,0.00184044008849368,"protein_coding","SMARCA1"
"ENSG00000136156.15",932.44881307446,0.598119613218055,0.137542901298351,4.34860401788854,1.37006833438963e-05,0.00193560209686269,"protein_coding","ITM2B"
"ENSG00000261371.6",284.184780639234,0.81291996705031,0.187601533527381,4.33322666273228,1.46939686993565e-05,0.00203818704013437,"protein_coding","PECAM1"
"ENSG00000266208.1",62.065861570662,1.64704640340725,0.379988442952899,4.33446446583484,1.4611538672855e-05,0.00203818704013437,"lncRNA","AC080112.2"
"ENSG00000140950.16",220.530312813282,0.56102597301958,0.130051249592369,4.31388375565829,1.60411314332346e-05,0.00220500525593057,"protein_coding","MEAK7"
"ENSG00000010704.18",54.8388036305019,1.18489261829452,0.275665674894101,4.29829582065197,1.7211635062991e-05,0.00232305733389701,"protein_coding","HFE"
"ENSG00000160213.8",311.021117848209,0.747388169075591,0.173913719848605,4.29746525878584,1.72762327290225e-05,0.00232305733389701,"protein_coding","CSTB"
"ENSG00000184939.16",662.573408684728,0.738881135081942,0.171975410640955,4.29643477708888,1.7356700489203e-05,0.00232305733389701,"protein_coding","ZFP90"
"ENSG00000003402.20",1437.44093052276,0.414069129697771,0.0965208755529855,4.28994377978333,1.7871835438334e-05,0.00237120404450522,"protein_coding","CFLAR"
"ENSG00000124067.17",359.166897612957,0.903383655993417,0.210867759721531,4.28412412208682,1.83460477452914e-05,0.00241313790084187,"protein_coding","SLC12A4"
"ENSG00000103642.12",162.178252101459,0.73316509945999,0.171374922887938,4.27813525517619,1.88465497610156e-05,0.0024548236862373,"protein_coding","LACTB"
"ENSG00000145012.13",4266.35806988772,-0.641249261691533,0.149946920708004,-4.27650837152073,1.89847421009307e-05,0.0024548236862373,"protein_coding","LPP"
"ENSG00000118960.13",212.650644812991,0.809878490217597,0.189743777115507,4.26827431460153,1.96990991363764e-05,0.00252578869430951,"protein_coding","HS1BP3"
"ENSG00000135778.12",450.048272958611,0.453464922338311,0.106409252699414,4.26151778003051,2.03043196488858e-05,0.00254112387752504,"protein_coding","NTPCR"
"ENSG00000141076.18",858.933675356979,-0.564065836763701,0.132321613914321,-4.26283975895984,2.01845265203093e-05,0.00254112387752504,"protein_coding","UTP4"
"ENSG00000188157.15",253.119954493568,1.28041927429801,0.300471723518969,4.26136362950366,2.03183322229686e-05,0.00254112387752504,"protein_coding","AGRN"
"ENSG00000173947.14",22.2760449771147,1.77804094710418,0.4178445572952,4.25526889380548,2.08797932870759e-05,0.00259011289409922,"protein_coding","PIFO"
"ENSG00000155366.17",385.516791672705,1.17489158332021,0.276413374176407,4.2504874694319,2.13305769567968e-05,0.00262469309037746,"protein_coding","RHOC"
"ENSG00000157193.18",903.39461831164,-0.4899712300601,0.115520171848735,-4.24143439382761,2.22095812515668e-05,0.00271099032589125,"protein_coding","LRP8"
"ENSG00000116701.15",100.715650512136,0.954159251454197,0.225387014912436,4.23342601092123,2.3015792668041e-05,0.00278710289308707,"protein_coding","NCF2"
"ENSG00000116096.6",52.7027659917277,1.68919868418087,0.399840728511227,4.22467888769225,2.39281717800065e-05,0.0028747720080263,"protein_coding","SPR"
"ENSG00000184575.12",4942.48510830711,-0.483249393913884,0.114467073738293,-4.22173274926851,2.42431447750963e-05,0.0028898586170189,"protein_coding","XPOT"
"ENSG00000245768.7",315.918584440861,-0.842422764557572,0.200601002193668,-4.1994942963658,2.67511768315364e-05,0.00316410431081847,"lncRNA","AC106793.1"
"ENSG00000052795.13",18.5854557720063,2.14495431613493,0.511326753997694,4.19487988720536,2.73016223805613e-05,0.0032043704175585,"protein_coding","FNIP2"
"ENSG00000262074.6",304.242404721633,-0.903729164399303,0.215669877375109,-4.19033559715653,2.78542172567544e-05,0.00324427211376762,"snoRNA","SNORD3B-2"
"ENSG00000119661.15",235.881111972251,0.659570617583709,0.157805539803688,4.17964171856213,2.91968723472522e-05,0.00334246797393576,"protein_coding","DNAL1"
"ENSG00000279741.1",27.2370951242649,2.8287423463827,0.676570298860369,4.18100284796348,2.90226228649851e-05,0.00334246797393576,"TEC","AC007342.8"
"ENSG00000285820.1",265.826238930272,0.658530130756328,0.157602771681232,4.17841719235923,2.93544834517887e-05,0.00334246797393576,"lncRNA","AL157829.1"
"ENSG00000020181.18",52.3553315810234,1.45498885797987,0.348626315590366,4.17349119361797,2.99967260806465e-05,0.00339029664102595,"protein_coding","ADGRA2"
"ENSG00000228526.7",104.351924544734,1.19847483528162,0.287918914140316,4.16254291198648,3.14722972277765e-05,0.00353091405221628,"lncRNA","MIR34AHG"
"ENSG00000165244.7",693.062821414786,-0.481012663015023,0.115674128133362,-4.15834267158217,3.20564898989976e-05,0.00357020381663434,"protein_coding","ZNF367"
"ENSG00000122299.12",1493.45027962635,0.443013690871996,0.106787457951824,4.1485554518196,3.34579808878688e-05,0.00369928893034131,"protein_coding","ZC3H7A"
"ENSG00000111879.20",102.860763448525,-1.4146413715099,0.341802547524963,-4.13876778202358,3.4917615415411e-05,0.00382006805447471,"protein_coding","FAM184A"
"ENSG00000135749.19",489.099509520502,0.485909522980313,0.117429235394729,4.13789224929352,3.50510897644815e-05,0.00382006805447471,"protein_coding","PCNX2"
"ENSG00000070019.5",56.9787559632329,1.27431520696441,0.308090276269914,4.13617470305358,3.5314337319209e-05,0.00382146211926589,"protein_coding","GUCY2C"
"ENSG00000076351.13",37.7018891495139,1.93017379892972,0.467437626397112,4.12926493275049,3.63924864069734e-05,0.00390072345057589,"protein_coding","SLC46A1"
"ENSG00000173614.14",178.189919172253,0.630797704548311,0.152801348169671,4.12822080501456,3.65580976164866e-05,0.00390072345057589,"protein_coding","NMNAT1"
"ENSG00000155189.12",1635.43227040594,-0.540887279285437,0.131549494195321,-4.11166369429245,3.92818213617798e-05,0.00416223632179191,"protein_coding","AGPAT5"
"ENSG00000137692.12",2287.72082282771,-0.424240729912159,0.103292039200108,-4.10719677138213,4.00490031453816e-05,0.00421425993098091,"protein_coding","DCUN1D5"
"ENSG00000109606.13",7581.70455581606,-0.388220135091178,0.0945793696731151,-4.10470207649875,4.04836263294767e-05,0.00423081623654217,"protein_coding","DHX15"
"ENSG00000173674.11",2339.98262761289,-0.445040396188855,0.108530909695756,-4.10058662031336,4.12104142673731e-05,0.0042774727951808,"protein_coding","EIF1AX"
"ENSG00000101000.6",63.9832143399682,1.22843053378695,0.299826133679222,4.09714296319889,4.18280598138175e-05,0.00431224686918397,"protein_coding","PROCR"
"ENSG00000102230.14",105.362117736947,0.797182369741434,0.194806052369597,4.09218481687096,4.27327848907452e-05,0.00437595189169792,"protein_coding","PCYT1B"
"ENSG00000197771.12",4677.4100864985,-0.401138262457004,0.098134999332338,-4.08761670337953,4.35827447151952e-05,0.00443323679242965,"protein_coding","MCMBP"
"ENSG00000099840.14",1012.18253168814,0.883559282127531,0.216869969483451,4.07414306476837,4.61840857505447e-05,0.00448838713618988,"protein_coding","IZUMO4"
"ENSG00000103485.19",916.573570044182,0.829782951357963,0.203487308570062,4.07781181631908,4.54615381209611e-05,0.00448838713618988,"protein_coding","QPRT"
"ENSG00000138029.14",1451.75645260569,0.373894337179907,0.0917122385383947,4.07682053277305,4.56557037566453e-05,0.00448838713618988,"protein_coding","HADHB"
"ENSG00000163947.11",2841.21104889573,0.487388547138712,0.119607951099514,4.07488417499272,4.60372546384286e-05,0.00448838713618988,"protein_coding","ARHGEF3"
"ENSG00000186226.9",63.7545188791926,2.01738447364807,0.494259446661124,4.08163058344385,4.47208395135031e-05,0.00448838713618988,"protein_coding","LCE1E"
"ENSG00000198369.10",421.874089494574,-0.686731170432375,0.16822677232641,-4.08217527409914,4.4616127234544e-05,0.00448838713618988,"protein_coding","SPRED2"
"ENSG00000274349.4",240.422707546218,0.741847748556628,0.182074746667658,4.07441318543052,4.61305172290796e-05,0.00448838713618988,"protein_coding","ZNF658"
"ENSG00000117650.13",1167.1985563592,0.459024498919137,0.11286905214055,4.06687652827576,4.76474717742959e-05,0.00460129825526713,"protein_coding","NEK2"
"ENSG00000168427.9",25.5303692327447,5.10721037019508,1.25787449855617,4.06019072336494,4.90326470195327e-05,0.00470528382530836,"protein_coding","KLHL30"
"ENSG00000186628.12",13.0388207725276,2.70991905616672,0.668777368440126,4.05204958189211,5.07709018731191e-05,0.004811567830932,"protein_coding","FSD2"
"ENSG00000239521.8",109.028073108602,0.801926014585927,0.197852542023971,4.05314991853262,5.0532596296501e-05,0.004811567830932,"protein_coding","CASTOR3"
"ENSG00000100097.12",2891.45725016587,0.591626478560428,0.146411493188653,4.04084724276468,5.3258442548606e-05,0.005016156274115,"protein_coding","LGALS1"
"ENSG00000137747.16",26.9443997257695,1.3757214150371,0.340700584593608,4.03791915026526,5.39274315099676e-05,0.00504800460109868,"protein_coding","TMPRSS13"
"ENSG00000119655.11",720.920968094119,0.726296181088079,0.180645204953049,4.02056717352031,5.80581908439319e-05,0.0054015358286385,"protein_coding","NPC2"
"ENSG00000196562.14",27.8724889783354,1.33376932250732,0.33249325182092,4.0114177211202,6.03552118187172e-05,0.00558121104199992,"protein_coding","SULF2"
"ENSG00000095637.22",111.477503490795,1.05486133195572,0.263069258769907,4.00982363689385,6.0764116103315e-05,0.00558517399701434,"protein_coding","SORBS1"
"ENSG00000118307.19",39.3159159385577,1.49672593198267,0.373840343895065,4.00365010471635,6.23725947726956e-05,0.00569868892839394,"protein_coding","CASC1"
"ENSG00000005469.12",414.297691254065,0.675302985045081,0.169603289527982,3.98166207108658,6.84350322949502e-05,0.00594466602175057,"protein_coding","CROT"
"ENSG00000030582.18",1898.10096584801,0.96219775469295,0.241767795176103,3.97984253441236,6.89609310427219e-05,0.00594466602175057,"protein_coding","GRN"
"ENSG00000042317.17",129.768448951744,0.862759239256771,0.216747157318647,3.98048698737212,6.87742296978728e-05,0.00594466602175057,"protein_coding","SPATA7"
"ENSG00000085415.16",2496.65345401538,-0.4398788844217,0.110407699160346,-3.98413233648553,6.77271247419169e-05,0.00594466602175057,"protein_coding","SEH1L"
"ENSG00000100983.12",410.628320705388,0.856982512116071,0.214836018770274,3.98900760227013,6.63502954546192e-05,0.00594466602175057,"protein_coding","GSS"
"ENSG00000189057.11",2353.71942556697,-0.665291359813254,0.167148708111332,-3.98023632566831,6.88467907817453e-05,0.00594466602175057,"protein_coding","FAM111B"
"ENSG00000196576.15",2022.63628570838,1.10024891199931,0.275666495744497,3.99123190153323,6.57309666044044e-05,0.00594466602175057,"protein_coding","PLXNB2"
"ENSG00000223799.1",35.1764404900912,1.66490035323007,0.417534118509895,3.9874594180993,6.67846235243566e-05,0.00594466602175057,"lncRNA","IL10RB-DT"
"ENSG00000260193.1",56.0149587221268,1.40178158838181,0.352084892308479,3.98137386466909,6.85180785933465e-05,0.00594466602175057,"lncRNA","LINC02846"
"ENSG00000261359.2",29.6161043342593,1.37773061449208,0.345631074013116,3.98613064067208,6.71595433818412e-05,0.00594466602175057,"lncRNA","PYCARD-AS1"
"ENSG00000184357.5",30433.7238120089,-0.760641346327426,0.192353642425165,-3.95439013650783,7.67301190021943e-05,0.00657723682997461,"protein_coding","H1-5"
"ENSG00000161544.10",27.1202277178778,2.11536078267842,0.535968554245163,3.9468001731139,7.92026064745716e-05,0.00675124787479896,"protein_coding","CYGB"
"ENSG00000142798.20",56.543150736269,1.95516751835375,0.495849967041577,3.9430627171743,8.04476064354613e-05,0.00681927543884594,"protein_coding","HSPG2"
"ENSG00000128829.12",955.370149345254,0.757161659445409,0.192482039529687,3.93367433811211,8.36571108652073e-05,0.00705215578774217,"protein_coding","EIF2AK4"
"ENSG00000144118.14",279.598418312181,0.666696526605791,0.169548682597276,3.93218346726631,8.41777806747232e-05,0.00705705811832377,"protein_coding","RALB"
"ENSG00000091106.19",89.5237704504049,0.845156855054612,0.215012075868257,3.93074133925604,8.46843402567494e-05,0.00706073040239062,"protein_coding","NLRC4"
"ENSG00000204252.14",1902.20575444119,0.51715430627624,0.131646709991752,3.92834964359261,8.55307989131059e-05,0.00709254853160962,"protein_coding","HLA-DOA"
"ENSG00000171848.15",6318.58137867715,-0.599551722392219,0.152908197263281,-3.92099137340489,8.81854201799837e-05,0.00727315211408752,"protein_coding","RRM2"
"ENSG00000158828.8",493.916370248949,0.797958091558548,0.203707472717334,3.91717633582249,8.95922151138713e-05,0.00734745675909351,"protein_coding","PINK1"
"ENSG00000196756.13",640.708337986247,-0.654150017502761,0.167054703994995,-3.91578328451235,9.01111663084866e-05,0.00734745675909351,"lncRNA","SNHG17"
"ENSG00000274997.2",8062.86519500257,-0.69332659625307,0.177110213253679,-3.91466185668243,9.05309916574636e-05,0.00734745675909351,"protein_coding","H2AC12"
"ENSG00000197153.5",9412.30777697321,-0.810356094193027,0.207340525866269,-3.90833432493411,9.29346439168707e-05,0.00750262855493975,"protein_coding","H3C12"
"ENSG00000135677.11",884.594685812543,0.47740846182332,0.122221410028648,3.90609518996237,9.37995736092711e-05,0.00753259944279084,"protein_coding","GNS"
"ENSG00000161714.12",69.6213284924263,1.62629870661325,0.416511444548508,3.90457147792453,9.43924914537708e-05,0.00754052688273107,"protein_coding","PLCD3"
"ENSG00000233791.5",104.556976745318,0.805208407548341,0.206409815932437,3.90101800106204,9.57890269818979e-05,0.0076122342379677,"lncRNA","LINC01136"
"ENSG00000154767.15",2253.7034315758,0.707150417270958,0.181462495377778,3.89695080406988,9.74113970610355e-05,0.00770105231273202,"protein_coding","XPC"
"ENSG00000135253.14",179.835602736712,0.841208481791691,0.216322158763052,3.8886838343413,0.000100789312939453,0.00771619060809977,"protein_coding","KCP"
"ENSG00000136997.20",1055.63423562194,-0.803175611829473,0.206466782624064,-3.89009603201837,0.000100204559387192,0.00771619060809977,"protein_coding","MYC"
"ENSG00000137731.14",25.372055458267,1.86247109387508,0.478820967350497,3.88970245848015,0.000100367205032835,0.00771619060809977,"protein_coding","FXYD2"
"ENSG00000205978.6",40.6177501266831,1.57617428878799,0.405411962441347,3.88783369710268,0.000101142883839294,0.00771619060809977,"protein_coding","NYNRIN"
"ENSG00000224478.3",155.892513361844,1.10429885729354,0.283631849830904,3.89342331600594,9.8839456060112e-05,0.00771619060809977,"lncRNA","AL356417.1"
"ENSG00000237296.9",72.2415362907268,-0.969141663396489,0.249057615085091,-3.89123481755568,9.97353525813818e-05,0.00771619060809977,"transcribed_unprocessed_pseudogene","SMG1P1"
"ENSG00000256325.1",74.5122837906317,1.31006383740417,0.336691610898506,3.89099043456442,9.98358690778705e-05,0.00771619060809977,"lncRNA","AC025423.1"
"ENSG00000034713.8",2333.6210905591,0.410476324525352,0.105899797448392,3.87608224392865,0.000106151816978724,0.00805803195751923,"protein_coding","GABARAPL2"
"ENSG00000134107.5",140.307439428019,1.03144414583924,0.267050077149566,3.86236228369095,0.000112295870828159,0.00844044530589188,"protein_coding","BHLHE40"
"ENSG00000138172.11",161.677711695003,1.02799297106284,0.266145025667965,3.86252934272509,0.000112219081370522,0.00844044530589188,"protein_coding","CALHM2"
"ENSG00000183323.13",774.024655176692,0.451558754858244,0.117032127094709,3.85841705237757,0.000114123786490264,0.0085357879130806,"protein_coding","CCDC125"
"ENSG00000196975.16",268.36162677507,0.86308158542378,0.2240380641403,3.85238815884112,0.000116971407175411,0.00866485697808632,"protein_coding","ANXA4"
"ENSG00000273102.1",32.3893003995562,1.44042618125901,0.373907543160191,3.85235924657956,0.000116985223324537,0.00866485697808632,"lncRNA","AP000569.1"
"ENSG00000116668.13",124.605425055394,0.86337020450515,0.224341182579301,3.8484695256519,0.000118858079409589,0.00867720849584451,"protein_coding","SWT1"
"ENSG00000128059.8",2350.62661838882,-0.462958461631295,0.120260392705241,-3.84963370912989,0.000118294594376311,0.00867720849584451,"protein_coding","PPAT"
"ENSG00000177699.4",181.513578673126,0.917175063165801,0.238289412437246,3.84899628474825,0.000118602806062707,0.00867720849584451,"lncRNA","AC011944.1"
"ENSG00000183828.15",94.3784558703807,0.971781905611699,0.252709369655038,3.84545261197966,0.000120330118790095,0.00874284263094887,"protein_coding","NUDT14"
"ENSG00000204386.11",1541.97730524139,0.585280806974795,0.152420692737521,3.83990386385849,0.000123082498550204,0.0089004396344977,"protein_coding","NEU1"
"ENSG00000133812.15",439.478657801361,0.540149528876777,0.140879848489421,3.83411491897892,0.000126017220157583,0.00906967332624719,"protein_coding","SBF2"
"ENSG00000076003.5",6897.76325389506,-0.436171089707211,0.113832676811445,-3.83168613727405,0.000127268033280093,0.00911669320088102,"protein_coding","MCM6"
"ENSG00000035403.18",390.539951374741,0.661231793440566,0.172853849637802,3.82538077587575,0.000130570113448853,0.0092383612371618,"protein_coding","VCL"
"ENSG00000085871.9",403.807819513968,0.572364637167414,0.149672554566224,3.82411216823433,0.000131244158725826,0.0092383612371618,"protein_coding","MGST2"
"ENSG00000115884.11",574.258745676059,0.958240852979242,0.25046566892477,3.82583711808847,0.000130328445388877,0.0092383612371618,"protein_coding","SDC1"
"ENSG00000196704.12",1982.96410251955,0.525943310996249,0.137543178800849,3.82384146986867,0.000131388411879939,0.0092383612371618,"protein_coding","AMZ2"
"ENSG00000108384.15",3622.03658558505,0.640002584250896,0.167488790292838,3.82116667707679,0.00013282184335765,0.00929631048601386,"protein_coding","RAD51C"
"ENSG00000142227.11",251.22716693416,0.636622228970044,0.166708910001539,3.81876546948912,0.000134121199106157,0.00932791971430467,"protein_coding","EMP3"
"ENSG00000144136.11",2248.43449418401,-0.471479331034387,0.123486084031362,-3.81807662565967,0.000134496155272449,0.00932791971430467,"protein_coding","SLC20A1"
"ENSG00000138668.19",2502.66857620366,-0.482029639230328,0.126469034162713,-3.81144398248632,0.000138157366658106,0.00953716528493206,"protein_coding","HNRNPD"
"ENSG00000161011.20",4630.33104588307,0.551785164380209,0.144811734183214,3.81036224372603,0.000138763317161811,0.00953716528493206,"protein_coding","SQSTM1"
"ENSG00000135898.10",38.4671359074206,1.2140043558717,0.318739946806794,3.80876124261757,0.000139664735484821,0.00955607414362065,"protein_coding","GPR55"
"ENSG00000149212.12",1041.31688980008,1.06152179452464,0.278930155980621,3.80569031983187,0.000141409227234902,0.00963224102299166,"protein_coding","SESN3"
"ENSG00000099812.9",74.1091663344019,1.14530050698228,0.301684635284439,3.79635013862225,0.000146842062085636,0.00987535875429721,"protein_coding","MISP"
"ENSG00000123384.14",47.03528252025,1.39939439975514,0.368608174842873,3.79642801018089,0.000146795965461742,0.00987535875429721,"protein_coding","LRP1"
"ENSG00000173575.22",1490.18245067642,-0.623630730350853,0.164276831029878,-3.79621841035775,0.000146920070600699,0.00987535875429721,"protein_coding","CHD2"
"ENSG00000005844.18",589.524696056828,0.624868587610908,0.164740965444786,3.7930370622985,0.000148815934793845,0.00995891900475654,"protein_coding","ITGAL"
"ENSG00000001167.14",1034.17583692785,-0.418082906076204,0.110348819278645,-3.78873927976059,0.000151413713808924,0.00997951150474108,"protein_coding","NFYA"
"ENSG00000173546.7",32.8367321438083,2.51613436479308,0.66396381271439,3.78956551036527,0.000150911010432749,0.00997951150474108,"protein_coding","CSPG4"
"ENSG00000197557.7",182.944417873874,0.693922435944874,0.183111716201144,3.78961243082129,0.000150882509825692,0.00997951150474108,"protein_coding","TTC30A"
"ENSG00000207280.1",104.842439983868,-0.856964653041789,0.226219208711312,-3.78820462649304,0.000151739852477384,0.00997951150474108,"snoRNA","SNORD20"
"ENSG00000105559.12",72.3835376044256,0.94628685799794,0.249980280464049,3.78544602094736,0.00015343313752103,0.010047565718008,"protein_coding","PLEKHA4"
"ENSG00000132849.20",249.064670211299,0.525930980102727,0.13954573158345,3.76887902005239,0.000163982338359799,0.0106924893961274,"protein_coding","PATJ"
"ENSG00000110848.8",1670.80190637871,-0.697280201936573,0.185222992650612,-3.76454451986888,0.00016685294039756,0.0107874667990931,"protein_coding","CD69"
"ENSG00000200997.1",14.9019791921043,-1.96603505438134,0.522232610090843,-3.76467309086529,0.000166767115816357,0.0107874667990931,"snRNA","RNVU1-34"
"ENSG00000130775.16",254.438537588416,0.722670445980199,0.192197227200519,3.76004615938729,0.000169882008148743,0.010919497767654,"protein_coding","THEMIS2"
"ENSG00000150593.18",884.437785282348,0.695790563488585,0.185080583126274,3.75939253991798,0.0001703264168765,0.010919497767654,"protein_coding","PDCD4"
"ENSG00000221986.7",17.122444732896,2.24966115062073,0.598690934226604,3.75763356685344,0.000171527814523653,0.0109505079246941,"protein_coding","MYBPHL"
"ENSG00000237989.1",280.607977640809,0.678958614332339,0.180753723582549,3.75626349972404,0.000172469102220751,0.0109647231736843,"lncRNA","LINC01679"
"ENSG00000145604.16",1258.54206102385,-0.541294615646073,0.144193556772146,-3.75394454345434,0.000174073391683123,0.0110207958933655,"protein_coding","SKP2"
"ENSG00000236412.1",28.950893068234,1.35080822202397,0.361079432356813,3.74102787635139,0.000183269189800887,0.0115550466858758,"lncRNA","AC092941.2"
"ENSG00000101126.18",2091.35556494626,-0.528904575799467,0.141461682133908,-3.73885399792437,0.000184861045182739,0.0115657092419827,"protein_coding","ADNP"
"ENSG00000254531.1",70.2803325797709,1.07604018445305,0.287809229652132,3.73872716227216,0.000184954322653282,0.0115657092419827,"lncRNA","AP001816.1"
"ENSG00000100628.12",156.427629287647,0.806945480838487,0.216180912463398,3.73273232887808,0.000189413850772558,0.0117962307554599,"protein_coding","ASB2"
"ENSG00000121552.4",16.3208798267519,3.09307548553695,0.828989417929521,3.73113988989413,0.000190615336050533,0.0118227999896708,"protein_coding","CSTA"
"ENSG00000183010.17",971.848800113546,-0.638914793385357,0.17143279214711,-3.72691120166258,0.000193840712318437,0.0119741764718814,"protein_coding","PYCR1"
"ENSG00000167196.14",3066.63779539514,0.421275695020932,0.113068005301054,3.72586120980244,0.000194649490856653,0.0119756529495597,"protein_coding","FBXO22"
"ENSG00000154822.18",1530.95889792891,0.399355954966784,0.107340365380531,3.72046390517706,0.000198857162785361,0.0121853919268234,"protein_coding","PLCL2"
"ENSG00000107438.9",229.615813879643,0.90374219863997,0.243071259239801,3.71801339848404,0.000200795622854747,0.0122213251160686,"protein_coding","PDLIM1"
"ENSG00000134222.16",223.621719176778,0.573195183995427,0.154221776845716,3.7166942031076,0.000201846502113598,0.0122213251160686,"protein_coding","PSRC1"
"ENSG00000136527.18",8233.25886696604,-0.259861224067358,0.0699148250113269,-3.71682578087349,0.000201741454935027,0.0122213251160686,"protein_coding","TRA2B"
"ENSG00000123096.11",62.1468351301741,0.921754385872164,0.248144775212257,3.71458308998736,0.000203538984606907,0.0122750902258189,"protein_coding","SSPN"
"ENSG00000172667.11",2801.51888560829,0.609768822272769,0.164229705575106,3.71290212168047,0.000204896143359245,0.0123082888006904,"protein_coding","ZMAT3"
"ENSG00000144648.16",11.563058975927,3.19939046657139,0.862204936026119,3.71070766692349,0.00020668066843684,0.0123667985843502,"protein_coding","ACKR2"
"ENSG00000228005.1",74.1173618761592,0.885233377365607,0.238951104991867,3.70466325065011,0.00021167174941886,0.0126159670024725,"lncRNA","AC020743.1"
"ENSG00000110013.13",236.817481746931,0.62821095943327,0.169786557905186,3.7000040944589,0.000215595988490406,0.0127998583361347,"protein_coding","SIAE"
"ENSG00000173320.12",18.610075004988,1.94852192702203,0.527189335787698,3.69605717481111,0.00021897367937284,0.0129500015498868,"protein_coding","STOX2"
"ENSG00000171295.13",262.275840154503,0.572867147185792,0.155054207339332,3.69462497674821,0.000220211562228402,0.0129729267045597,"protein_coding","ZNF440"
"ENSG00000155096.14",4580.69766900604,-0.453351283951985,0.122932589938745,-3.68780389462129,0.000226197868215875,0.0132743348970686,"protein_coding","AZIN1"
"ENSG00000139193.3",1721.81857870905,0.533175299404482,0.144717041641225,3.68426063273392,0.000229367455313255,0.0134052952958141,"protein_coding","CD27"
"ENSG00000142794.18",740.502731234233,0.588996542480259,0.159915607886219,3.68317108170788,0.00023035045055281,0.0134052952958141,"protein_coding","NBPF3"
"ENSG00000163738.18",368.964842466641,-0.625209374445556,0.169783971898312,-3.68238160207496,0.000231065189592286,0.0134052952958141,"protein_coding","MTHFD2L"
"ENSG00000105641.4",14.166646662995,2.87616090177372,0.782067597521883,3.6776372156158,0.00023540444681305,0.0134480230735891,"protein_coding","SLC5A5"
"ENSG00000161642.17",139.757315342942,1.21679017979563,0.330802936902791,3.67829315902717,0.000234799993331551,0.0134480230735891,"protein_coding","ZNF385A"
"ENSG00000184588.18",481.802379667529,0.761139400273505,0.20683064343614,3.68001272745887,0.000233222312992369,0.0134480230735891,"protein_coding","PDE4B"
"ENSG00000226965.2",36.4554487667199,1.61936017870712,0.440506560086699,3.6761318114954,0.000236797205749347,0.0134480230735891,"lncRNA","AC073114.1"
"ENSG00000258920.1",21.0361908749768,1.59759197072219,0.434277651758283,3.67873401786607,0.000234394559513854,0.0134480230735891,"lncRNA","FOXN3-AS1"
"ENSG00000259994.1",30.9697522599614,-1.34708104324635,0.366471246892403,-3.6758164649186,0.000237089933595194,0.0134480230735891,"lncRNA","AL353796.1"
"ENSG00000118729.11",35.8447614861647,1.15092342915911,0.313515876623268,3.67102119852801,0.000241583300117092,0.0136521407155059,"protein_coding","CASQ2"
"ENSG00000079385.22",137.075100787142,1.02509626558537,0.279900883007723,3.66235452553782,0.000249907674743788,0.0140187180192673,"protein_coding","CEACAM1"
"ENSG00000087586.17",2625.14740083095,0.474502228316838,0.129539745210307,3.66298565391251,0.000249292505558761,0.0140187180192673,"protein_coding","AURKA"
"ENSG00000148219.16",940.952048211924,0.487067314276338,0.133122537068286,3.65878930046604,0.000253409569965842,0.0141630887125964,"protein_coding","ASTN2"
"ENSG00000159131.17",5430.21420543414,-0.362227694323453,0.0994729452930822,-3.64146947952736,0.000271086267219383,0.0150957454935524,"protein_coding","GART"
"ENSG00000126088.14",1732.7375915404,0.401503587184995,0.110292905839531,3.64033918708388,0.00027227912126748,0.0151070357538153,"protein_coding","UROD"
"ENSG00000178234.13",37.3269781137534,2.40798038050189,0.662936156241641,3.63229604816452,0.000280910578818587,0.0155294696072971,"protein_coding","GALNT11"
"ENSG00000188897.9",69.2938157146717,1.02710172045462,0.283042236811298,3.6287931159171,0.000284749316469041,0.015684855850847,"protein_coding","AC099489.1"
"ENSG00000175662.17",126.259497024812,0.676416665952591,0.18671543453323,3.62271425307482,0.000291527813381844,0.0160004725776265,"protein_coding","TOM1L2"
"ENSG00000115194.11",168.585933411803,0.953678938752998,0.263638446913788,3.61737428632653,0.000297606796775846,0.0162755717032468,"protein_coding","SLC30A3"
"ENSG00000172123.12",36.311530563913,-1.36447309186455,0.377483639977089,-3.61465490781897,0.00030074795071306,0.0163886151142138,"protein_coding","SLFN12"
"ENSG00000131650.14",108.880033969327,1.06514789301087,0.294866123642857,3.61231015571318,0.000303481274489535,0.0164341340126189,"protein_coding","KREMEN2"
"ENSG00000163435.16",38.7741073041689,1.5772803845545,0.436666794610947,3.61209142536199,0.000303737435545847,0.0164341340126189,"protein_coding","ELF3"
"ENSG00000224597.10",28.3410444933289,1.10524907240469,0.306518997249762,3.6058093701256,0.00031118151792953,0.016777412016144,"transcribed_unprocessed_pseudogene","SVIL-AS1"
"ENSG00000118515.11",4338.36605828158,-0.399963342392369,0.110967440617231,-3.60433060515467,0.000312958484029371,0.0168138047511273,"protein_coding","SGK1"
"ENSG00000160789.20",229.064722798555,0.614273431458385,0.170705263801298,3.59844458090878,0.000320126046804212,0.0170904777343601,"protein_coding","LMNA"
"ENSG00000166387.13",361.884678265553,0.544455054895009,0.151310483717807,3.59826392406763,0.000320348448815506,0.0170904777343601,"protein_coding","PPFIBP2"
"ENSG00000124635.9",8472.6345779104,-0.678812827871297,0.189109741207816,-3.58951804140717,0.000331289903332893,0.0176126179270149,"protein_coding","H2BC11"
"ENSG00000145293.16",1635.07239169643,-0.388474611857817,0.108394124847271,-3.58390837515579,0.000338490867215117,0.0179329640693342,"protein_coding","ENOPH1"
"ENSG00000183943.6",1019.86544215466,0.686745554937873,0.191977225912421,3.57722407787663,0.000347262471922985,0.018334016597235,"protein_coding","PRKX"
"ENSG00000280734.3",67.1897567850524,0.866840866296659,0.242848678505767,3.56946915103791,0.000357705334783014,0.0188202344762732,"lncRNA","LINC01232"
"ENSG00000180354.16",180.223413618165,0.745347461028528,0.209039637484795,3.56557957139943,0.000363052985651887,0.0190359534538711,"protein_coding","MTURN"
"ENSG00000197705.10",92.2531912802258,0.933770925955042,0.26228397852132,3.5601523631728,0.000370639681679123,0.0193671926817125,"protein_coding","KLHL14"
"ENSG00000126353.3",181.378546839305,2.05343541430725,0.57697989741701,3.55893753577889,0.000372358069476886,0.0193905782391752,"protein_coding","CCR7"
"ENSG00000214212.9",211.125362898851,0.611139274097854,0.171763127974628,3.55803530888264,0.000373639096695135,0.0193911065897087,"protein_coding","C19orf38"
"ENSG00000157456.8",2570.02552965618,0.491128487084945,0.138117727780557,3.55586856935016,0.000376732389558487,0.0194853654233336,"protein_coding","CCNB2"
"ENSG00000187994.14",1360.144989846,0.522106157110231,0.146930842920659,3.55341429159405,0.00038026508627592,0.0196016374540473,"protein_coding","RINL"
"ENSG00000102221.14",499.188226368709,0.445008616070874,0.125428818480738,3.54789769576929,0.000388319019919486,0.0199493993465708,"protein_coding","JADE3"
"ENSG00000165272.16",65.4107198990029,1.53336704360183,0.432389275682167,3.54626520554351,0.000390732762301057,0.0200060419033206,"protein_coding","AQP3"
"ENSG00000076382.17",3488.13402356505,0.426222544767514,0.120339606099055,3.54183097804622,0.000397360001957609,0.0202678235178517,"protein_coding","SPAG5"
"ENSG00000086967.10",264.415126108079,1.24917044325012,0.352780679043217,3.54092646637572,0.000398724685577122,0.0202678235178517,"protein_coding","MYBPC2"
"ENSG00000166866.13",40.2038932974809,1.07082451683394,0.302476087939444,3.54019560398548,0.000399830572740422,0.0202678235178517,"protein_coding","MYO1A"
"ENSG00000168298.7",23736.8101627341,-0.628500678222008,0.177786659008687,-3.53513971029344,0.000407559612213039,0.0205232493833219,"protein_coding","H1-4"
"ENSG00000277610.1",366.635455854505,-0.712643270102943,0.201560400357131,-3.53563134842091,0.000406801954623951,0.0205232493833219,"snRNA","RNVU1-4"
"ENSG00000179750.16",168.493830665977,0.899338298807959,0.254524851960198,3.5334007342772,0.000410250116963918,0.0205907772520903,"protein_coding","APOBEC3B"
"ENSG00000054148.18",1065.53073675455,0.782730768851556,0.221929333032688,3.52693696752681,0.000420396832475088,0.021005419413258,"protein_coding","PHPT1"
"ENSG00000171817.17",117.232423295483,0.822537386284459,0.233251907109208,3.52639082989084,0.000421264801445599,0.021005419413258,"protein_coding","ZNF540"
"ENSG00000167106.12",954.557794718507,0.527200209617811,0.149553059739969,3.5251716717429,0.000423208433659683,0.0210335970057962,"protein_coding","FAM102A"
"ENSG00000120162.10",24.1652489548598,1.4573428460892,0.413559446343094,3.52390172434888,0.000425241938249681,0.0210660438110832,"protein_coding","MOB3B"
"ENSG00000181472.5",417.021256913958,-0.650188606426377,0.184564398257697,-3.52282787235354,0.000426968560257847,0.0210831271599166,"protein_coding","ZBTB2"
"ENSG00000120725.13",620.481847105951,0.50983817688272,0.14477125078677,3.52168109422255,0.000428819664991314,0.0211062272530241,"protein_coding","SIL1"
"ENSG00000163938.17",7597.28059452056,-0.505635160386185,0.143681889428218,-3.51912939340065,0.000432965485012308,0.0211736774689673,"protein_coding","GNL3"
"ENSG00000197084.5",37.8232821123169,1.93045120519591,0.548444496334901,3.51986612701298,0.000431764666952544,0.0211736774689673,"protein_coding","LCE1C"
"ENSG00000226419.8",242.42975842939,-0.480701202412111,0.136653341770813,-3.51766884133952,0.000435355293546493,0.0212225273767808,"lncRNA","SLC16A1-AS1"
"ENSG00000175155.10",198.074400512788,0.598489014747257,0.170308032416576,3.51415612202803,0.000441153449618815,0.0214366857779741,"protein_coding","YPEL2"
"ENSG00000010278.14",518.894520235629,0.587750442335931,0.167303170333439,3.51308610090611,0.000442933917525174,0.021454875281267,"protein_coding","CD9"
"ENSG00000278705.1",11865.0754318909,-0.783107221319023,0.222971857576881,-3.51213480404812,0.000444522463548007,0.0214636827494161,"protein_coding","H4C2"
"ENSG00000253878.5",119.755486529102,0.767887620792185,0.218893919327825,3.50803541345597,0.000451428952824078,0.021660072208144,"lncRNA","AC087752.3"
"ENSG00000288559.1",46.2197316441088,-1.03626109431342,0.295363884562971,-3.50842180941213,0.00045077371868336,0.021660072208144,"lncRNA","AC016394.4"
"ENSG00000089195.15",1334.15890040084,-0.371344962665638,0.105984898767164,-3.50375352512661,0.000458749745769832,0.0219423311001758,"protein_coding","TRMT6"
"ENSG00000154856.13",358.594504598527,0.673886730363058,0.192599931192382,3.49889393101565,0.000467192393732388,0.0222763173236524,"protein_coding","APCDD1"
"ENSG00000158457.6",1460.01301969803,0.581355539772035,0.166254285536925,3.49678528823797,0.000470900678888303,0.022383185540429,"protein_coding","TSPAN33"
"ENSG00000144218.19",220.795161151733,-0.593056928503151,0.169804149712654,-3.49259384712761,0.000478353474129583,0.0225269052724358,"protein_coding","AFF3"
"ENSG00000146192.15",354.465866938693,0.54128446475047,0.154962225104959,3.4930091148591,0.000477610206365352,0.0225269052724358,"protein_coding","FGD2"
"ENSG00000196747.4",14278.8855321371,-0.567650476823334,0.162485805169562,-3.49353887394016,0.000476663579690682,0.0225269052724358,"protein_coding","H2AC13"
"ENSG00000143314.12",1390.54105479447,-0.539236659741908,0.154778633246774,-3.48392183359162,0.000494123776046117,0.0231979709997282,"protein_coding","MRPL24"
"ENSG00000127125.9",599.651151036748,0.420702502019215,0.120881201492282,3.48029715808273,0.00050085792550745,0.0234419945625542,"protein_coding","PPCS"
"ENSG00000136531.17",224.120822834726,1.18355266367997,0.340299471561288,3.47797385123712,0.000505219207413029,0.0235738063202079,"protein_coding","SCN2A"
"ENSG00000177595.18",1192.87263055286,0.892381713512923,0.256920998677122,3.47337009472861,0.000513966099804483,0.0238665060000554,"protein_coding","PIDD1"
"ENSG00000224607.4",64.2067862863777,1.1840553601189,0.340928769798134,3.47302857667303,0.000514620558003553,0.0238665060000554,"IG_V_pseudogene","IGKV1D-27"
"ENSG00000230426.4",53.4610860892622,-0.875436806803257,0.252482155552181,-3.46732150194404,0.000525672742447687,0.0243051960735358,"lncRNA","ERVMER61-1"
"ENSG00000278238.1",137.266236948395,0.92348042350752,0.266429381485617,3.46613582315197,0.000527996478348887,0.0243388829808076,"lncRNA","AL359513.1"
"ENSG00000278588.2",10274.9865437886,-0.611853833543535,0.176581600502915,-3.46499200256956,0.000530247247396099,0.0243690135565352,"protein_coding","H2BC10"
"ENSG00000163528.13",566.152471376315,-0.60676217343537,0.175263360417844,-3.46200239450388,0.000536172384912133,0.024567322069037,"protein_coding","CHCHD4"
"ENSG00000127129.10",17.2853088988313,2.46787622688504,0.713328803537923,3.45966153987478,0.000540854751058023,0.0247076700348602,"protein_coding","EDN2"
"ENSG00000080947.15",70.7718327353427,0.874763034893933,0.253127702828975,3.45581706434148,0.00054862752668456,0.0249879367228448,"transcribed_unprocessed_pseudogene","CROCCP3"
"ENSG00000132846.6",63.8375509138415,-0.915312524682249,0.26510848237794,-3.45259614657434,0.000555219569942897,0.0252129172565141,"protein_coding","ZBED3"
"ENSG00000113460.13",2128.73923949593,-0.502556803384395,0.145950056402276,-3.44334778466422,0.000574559924795716,0.0260137546959437,"protein_coding","BRIX1"
"ENSG00000111845.5",1030.54640743062,-0.528165911601021,0.153481989297899,-3.4412240420984,0.000579088827601837,0.0261412347087243,"protein_coding","PAK1IP1"
"ENSG00000115946.8",1128.45106287946,-0.361012852413196,0.105246127098075,-3.43017707508403,0.000603187472477293,0.0270704773838877,"protein_coding","PNO1"
"ENSG00000225889.8",469.462597674276,0.890310452544866,0.259553507600185,3.43016151381123,0.000603222067801929,0.0270704773838877,"lncRNA","AC012368.1"
"ENSG00000169885.10",30.8209450709405,1.57902462639622,0.460731240154548,3.42721415171793,0.000609807949735237,0.0271266755016334,"protein_coding","CALML6"
"ENSG00000206337.12",185.640470027585,0.716080519528391,0.208895149653747,3.42794229887733,0.000608174709674171,0.0271266755016334,"lncRNA","HCP5"
"ENSG00000273983.1",9037.58273072864,-0.801827909297205,0.233903905701618,-3.42802274674313,0.000607994514388063,0.0271266755016334,"protein_coding","H3C8"
"ENSG00000285728.2",48.3657429570598,-0.981849148660912,0.286599168870685,-3.42586181435832,0.000612852088249669,0.0271828405887019,"lncRNA","AC098484.4"
"ENSG00000071994.11",1045.92674122779,-0.401333809776772,0.11718857576917,-3.42468373851809,0.000615515479492544,0.0272218411191224,"protein_coding","PDCD2"
"ENSG00000090013.11",515.899529745031,0.701244853087304,0.205150296579611,3.41820053287214,0.000630366441116623,0.0277980669322469,"protein_coding","BLVRB"
"ENSG00000099953.10",122.46133283554,0.843314903075148,0.247051837716956,3.41351398503387,0.000641308670131511,0.0281180680714557,"protein_coding","MMP11"
"ENSG00000185933.7",1325.83144557153,0.837033033970547,0.245178683300997,3.41397148683988,0.000640232756878127,0.0281180680714557,"protein_coding","CALHM1"
"ENSG00000159674.12",114.329887799347,0.682087451511944,0.199955856873523,3.41119016055319,0.000646799653165263,0.0282032379779537,"protein_coding","SPON2"
"ENSG00000180644.8",18.6807910267976,2.39462708371531,0.702004543480877,3.41112761441912,0.000646948046420486,0.0282032379779537,"protein_coding","PRF1"
"ENSG00000096996.16",1023.46811867437,0.555091987691611,0.162774890647306,3.41018191125289,0.000649195628102025,0.0282205894404008,"protein_coding","IL12RB1"
"ENSG00000060982.15",11921.1608638891,-0.476805638727658,0.140219276470515,-3.40042860532032,0.000672803029259557,0.0291545636457082,"protein_coding","BCAT1"
"ENSG00000185565.12",189.085619777135,0.701033607563175,0.206202198580069,3.39973876316823,0.000674502619408508,0.0291545636457082,"protein_coding","LSAMP"
"ENSG00000006715.16",1119.77659849235,0.398285621371605,0.117213355928359,3.39795425373741,0.000678917717630926,0.0292589423463042,"protein_coding","VPS41"
"ENSG00000112081.17",12957.4171801422,-0.301114748896292,0.0886703477676627,-3.39589001821989,0.000684058399587166,0.0292589423463042,"protein_coding","SRSF3"
"ENSG00000117461.15",731.971631752177,0.532581375796898,0.156826890520297,3.39598250038612,0.000683827313983644,0.0292589423463042,"protein_coding","PIK3R3"
"ENSG00000122034.16",3726.99278683691,-0.590232662868949,0.173818785561882,-3.39567821142565,0.000684587915692134,0.0292589423463042,"protein_coding","GTF3A"
"ENSG00000197714.9",2473.56819047942,-0.423252175628616,0.124716995182897,-3.39370087459147,0.000689549663206774,0.0293886836905278,"protein_coding","ZNF460"
"ENSG00000265185.5",615.422387317943,-0.825746250743505,0.243437805151939,-3.39202142505403,0.000693790149074516,0.0294870476172116,"snoRNA","SNORD3B-1"
"ENSG00000170581.14",2036.07609065582,0.557763570086927,0.164894760907345,3.38254270188935,0.000718181116253847,0.0304389096438922,"protein_coding","STAT2"
"ENSG00000135069.14",1542.02387017878,-0.537669052908693,0.15917316181595,-3.37788762109528,0.000730449252326724,0.0308731154903079,"protein_coding","PSAT1"
"ENSG00000135829.17",13009.1512771902,-0.389711783399756,0.115472633995508,-3.37492763363236,0.000738351036058419,0.0311208842767386,"protein_coding","DHX9"
"ENSG00000117305.15",540.676609380285,0.514324840518525,0.152551490666863,3.37148354480319,0.000747645049351147,0.0314258076115697,"protein_coding","HMGCL"
"ENSG00000132718.9",627.878261481542,0.475372900123052,0.141153844751104,3.36776444850847,0.000757803111205421,0.0317652743702536,"protein_coding","SYT11"
"ENSG00000169679.15",3515.67022281771,0.315751706310118,0.0938683209678251,3.36377281552045,0.000768848046277597,0.0321399547674071,"protein_coding","BUB1"
"ENSG00000124772.12",1513.76215171406,0.576622354068963,0.171598478642461,3.36029992008496,0.000778579015474957,0.032314489971886,"protein_coding","CPNE5"
"ENSG00000171174.15",62.977962940361,0.816048418085473,0.242870326902396,3.36001696252265,0.000779376871782281,0.032314489971886,"protein_coding","RBKS"
"ENSG00000186416.16",730.432464891537,-0.448970929281118,0.13360695011922,-3.36038603441282,0.000778336349168727,0.032314489971886,"protein_coding","NKRF"
"ENSG00000136982.6",1597.64916692688,-0.480486866703643,0.143276859235288,-3.35355527241556,0.000797804778417801,0.0329889032766905,"protein_coding","DSCC1"
"ENSG00000198794.12",495.820458658838,0.594579716405091,0.177384130116678,3.35193298303515,0.000802494423038525,0.0330931348830319,"protein_coding","SCAMP5"
"ENSG00000110171.20",145.056618921609,0.944943151849658,0.28217260787109,3.348812483887,0.000811587035994317,0.0333778840841005,"protein_coding","TRIM3"
"ENSG00000112208.11",943.783574681389,-0.429912451896147,0.128713780617713,-3.3400654524554,0.000837586469979055,0.0341708405319263,"protein_coding","BAG2"
"ENSG00000146426.18",125.280035301311,0.614023987094906,0.18382769035171,3.34021488231789,0.000837135895719125,0.0341708405319263,"protein_coding","TIAM2"
"ENSG00000163694.15",97.0179359865852,0.91881121770026,0.27502646299416,3.34081021766901,0.00083534301868505,0.0341708405319263,"protein_coding","RBM47"
"ENSG00000111271.15",254.740125752366,0.559275353335286,0.167510787828913,3.33874230181821,0.000841585977678913,0.0342424502597996,"protein_coding","ACAD10"
"ENSG00000103066.13",208.248073940251,0.802332440562532,0.240475452457534,3.33644217055467,0.000848580808250024,0.0343441478633283,"protein_coding","PLA2G15"
"ENSG00000128951.14",3246.95102747012,-0.489422421482728,0.146690008211122,-3.33644007148961,0.000848587216180023,0.0343441478633283,"protein_coding","DUT"
"ENSG00000100024.15",48.4931831309966,0.834642435384015,0.250495052557698,3.33197173701372,0.000862330133336589,0.0348080242710309,"protein_coding","UPB1"
"ENSG00000196152.10",573.117958310344,0.582178723039198,0.174826649175002,3.33003421266992,0.000868353137365365,0.0349586600789465,"protein_coding","ZNF79"
"ENSG00000152520.14",1001.23038600922,-0.429705612772993,0.129171084887036,-3.32663934152743,0.000879000601135674,0.035294187295074,"protein_coding","PAN3"
"ENSG00000112343.11",1017.06895018853,0.400757575856429,0.120545148527169,3.32454338273187,0.000885634534669119,0.0354672223884027,"protein_coding","TRIM38"
"ENSG00000100473.18",1689.68989317823,-0.592357425779155,0.178469258825388,-3.31910060969498,0.000903078858350564,0.0358411608574329,"protein_coding","COCH"
"ENSG00000100522.10",1438.79893739178,-0.319636193069392,0.0962716871412127,-3.32014741364764,0.000899699268818123,0.0358411608574329,"protein_coding","GNPNAT1"
"ENSG00000123505.18",2335.75241203607,-0.357755225404473,0.107779097200905,-3.31933774447563,0.00090231224340299,0.0358411608574329,"protein_coding","AMD1"
"ENSG00000185522.9",39.2239934423311,0.901624433273987,0.271679819878024,3.31870226385894,0.000904367999089768,0.0358411608574329,"protein_coding","LMNTD2"
"ENSG00000168491.10",34.1430884158977,1.20454332300226,0.363306521190179,3.31550151936779,0.000914788437953638,0.0361602123997322,"protein_coding","CCDC110"
"ENSG00000116299.17",18.5625183599776,2.31560573963104,0.699800944265629,3.30894914990582,0.000936468437669964,0.0367858260986159,"protein_coding","KIAA1324"
"ENSG00000179630.11",1338.4572327791,0.689056744081429,0.208221947972834,3.30924165675046,0.000935490548994739,0.0367858260986159,"protein_coding","LACC1"
"ENSG00000234171.3",250.676145135994,-0.477738690136787,0.144395755037692,-3.30853694426183,0.000937848102789461,0.0367858260986159,"lncRNA","RNASEH1-AS1"
"ENSG00000114013.16",1187.57349555487,0.638685487559071,0.193269495047882,3.30463680986406,0.000950995487372929,0.0372058696059901,"protein_coding","CD86"
"ENSG00000136710.10",1221.16114553523,0.375712133427368,0.113786367249469,3.30190815041703,0.000960295101483017,0.0374736129371557,"protein_coding","CCDC115"
"ENSG00000130770.18",5491.92413218661,0.4935854192845,0.149686278289167,3.29746603981283,0.000975614719309648,0.0379743096612924,"protein_coding","ATP5IF1"
"ENSG00000113569.16",4690.90400904194,-0.328492725969862,0.0997646909275135,-3.29267522322639,0.000992390378770391,0.0382832590418038,"protein_coding","NUP155"
"ENSG00000139625.13",415.843776591326,0.551668316771812,0.167538483279428,3.29278566913916,0.00099200064925053,0.0382832590418038,"protein_coding","MAP3K12"
"ENSG00000172379.21",16.8280770713081,2.20067056972026,0.668422231918219,3.29233598859337,0.00099358831960639,0.0382832590418038,"protein_coding","ARNT2"
"ENSG00000189325.7",40.6514441842502,1.55210493764597,0.471347505511696,3.29291004937218,0.000991561919469907,0.0382832590418038,"protein_coding","BNIP5"
"ENSG00000125746.17",526.051389147255,0.455835209911186,0.138575762004124,3.2894295749759,0.00100390675904759,0.0385833988149827,"protein_coding","EML2"
"ENSG00000102218.6",546.119238130923,0.40178048615242,0.122343854904602,3.2840267005295,0.00102335226603572,0.0388516926085986,"protein_coding","RP2"
"ENSG00000136108.15",3275.76052881784,0.374281036630135,0.113934957258673,3.28504126947084,0.00101967434950842,0.0388516926085986,"protein_coding","CKAP2"
"ENSG00000143507.18",317.553634272605,0.56858669839731,0.173106289353382,3.28461028493649,0.00102123521541583,0.0388516926085986,"protein_coding","DUSP10"
"ENSG00000164574.16",578.148689710161,0.557482225863707,0.169685395648066,3.28538719395713,0.00101842313720309,0.0388516926085986,"protein_coding","GALNT10"
"ENSG00000171962.18",10.0803398768531,1.96075138544701,0.597070437214733,3.28395322098628,0.00102361911316402,0.0388516926085986,"protein_coding","DRC3"
"ENSG00000121064.13",581.101439789406,0.48534217093497,0.147908116082164,3.28137619348325,0.00103301864088424,0.0391111623389869,"protein_coding","SCPEP1"
"ENSG00000221963.6",451.874149586893,0.714868977167772,0.218404897751703,3.27313620036343,0.00106361212047909,0.0401697864709653,"protein_coding","APOL6"
"ENSG00000165185.14",289.175298662792,-0.512401308019324,0.157321057668889,-3.25704209984253,0.00112579734263129,0.0424133724786871,"protein_coding","KIAA1958"
"ENSG00000078237.7",241.365433039657,0.582104808030615,0.178827258970512,3.25512347156537,0.0011334307806585,0.0424911224847358,"protein_coding","TIGAR"
"ENSG00000213859.6",217.076631950967,0.918514648560128,0.282137706335726,3.25555439040521,0.00113171217601202,0.0424911224847358,"protein_coding","KCTD11"
"ENSG00000180596.7",16999.9445762953,-0.485983101420667,0.14951144855092,-3.25047416857281,0.00115212734510808,0.0430861740972036,"protein_coding","H2BC4"
"ENSG00000109046.15",2434.0111788624,0.487136173387825,0.150008570419666,3.24738894601159,0.00116469106619363,0.043449526376485,"protein_coding","WSB1"
"ENSG00000100100.13",886.157538283448,0.754632498907176,0.232439798809319,3.24657181245555,0.00116803976104751,0.043453368880533,"protein_coding","PIK3IP1"
"ENSG00000125657.5",1132.07673141003,0.782980650142686,0.241267263323161,3.2452834228651,0.00117333778862103,0.043453368880533,"protein_coding","TNFSF9"
"ENSG00000137492.8",2787.71812301234,-0.402360152944311,0.123962584296939,-3.24581933513503,0.00117113135524083,0.043453368880533,"protein_coding","THAP12"
"ENSG00000171421.13",863.004951215457,-0.404031776713485,0.124894400516267,-3.23498711746378,0.00121648219298272,0.0447255067482661,"protein_coding","MRPL36"
"ENSG00000224592.5",20.9295489261726,1.94266218080082,0.600508180506314,3.23503033574477,0.00121629807315685,0.0447255067482661,"lncRNA","MIR3659HG"
"ENSG00000249601.2",24.798956817818,1.4241835176295,0.440206425431878,3.23526290247185,0.001215307727227,0.0447255067482661,"lncRNA","LINC01187"
"ENSG00000260303.1",354.435609373662,0.665823914689822,0.206194120358919,3.22911203059929,0.00124175240047875,0.0455448512656363,"lncRNA","AC108206.2"
"ENSG00000125510.18",49.5247452992001,0.858622935505165,0.266084260621837,3.22688359506334,0.0012514636088587,0.0457909634147867,"protein_coding","OPRL1"
"ENSG00000186451.2",87.1601417526453,0.785456262658025,0.243584673711826,3.22457177083015,0.00126161228637203,0.0460518666637904,"protein_coding","SPATA12"
"ENSG00000276368.2",10746.9613237617,-0.657689465568945,0.20401775023093,-3.2236874724111,0.00126551431909646,0.0460840512667633,"protein_coding","H2AC14"
"ENSG00000109332.20",8994.52748027611,-0.287562965113833,0.0892442183901644,-3.22220274098479,0.00127209087445403,0.046194817763861,"protein_coding","UBE2D3"
"ENSG00000221886.4",168.169400226127,0.557436028370152,0.173028887953426,3.22163561797957,0.00127461123860175,0.046194817763861,"protein_coding","ZBED8"
"ENSG00000108021.20",4849.94775972536,-0.374139865123702,0.116247726045077,-3.21847039811017,0.00128876272510946,0.0464999578329182,"protein_coding","TASOR2"
"ENSG00000243927.6",980.105527077771,0.46820338514186,0.145477534705891,3.21838960282368,0.00128912584633139,0.0464999578329182,"protein_coding","MRPS6"
"ENSG00000101019.22",1179.13991100399,0.376885778159535,0.117199722369915,3.21575657807429,0.00130101135943958,0.0467526334131682,"protein_coding","UQCC1"
"ENSG00000120868.14",1721.516160245,0.436494837877223,0.135747894699337,3.21548145438277,0.00130225909035237,0.0467526334131682,"protein_coding","APAF1"
"ENSG00000245522.2",123.416460515436,0.655097631164293,0.203790892103783,3.2145579441827,0.00130645543989291,0.0467931856851784,"lncRNA","LINC02709"
"ENSG00000286172.1",370.782291718475,-0.745852757526685,0.232119518932961,-3.21322722429946,0.00131252406397669,0.0469004500425208,"snRNA","RNVU1-8"
"ENSG00000225523.2",18.1994253637506,1.95005204528821,0.607401048650686,3.2104851475317,0.00132511116225502,0.047239593723568,"IG_V_gene","IGKV6D-21"
"ENSG00000119522.16",381.48581779001,0.467593253690508,0.145693067740673,3.20944064766899,0.00132993500865373,0.0473010451329571,"protein_coding","DENND1A"
"ENSG00000065183.16",2943.61445847237,-0.407762517083911,0.127152978326346,-3.20686563894212,0.00134189654409086,0.0473370876039448,"protein_coding","WDR3"
"ENSG00000114166.8",1044.80282701263,0.368278964192671,0.114800612572622,3.20798779675241,0.00133667170089755,0.0473370876039448,"protein_coding","KAT2B"
"ENSG00000166140.17",404.965443712257,0.578952352034635,0.180552902983045,3.20655244235536,0.00134335816833845,0.0473370876039448,"protein_coding","ZFYVE19"
"ENSG00000255561.7",116.309616031033,-0.59156176531614,0.184436050719017,-3.20740854626825,0.0013393663823465,0.0473370876039448,"protein_coding","FDXACB1"
"ENSG00000186603.6",166.237016586407,-1.0371269868291,0.323982585115387,-3.20118128096212,0.00136865395353761,0.0481173318504074,"protein_coding","HPDL"
"ENSG00000013563.14",148.275971525755,0.680219115612348,0.212548952230115,3.20029390159455,0.0013728751599834,0.0481547797494866,"protein_coding","DNASE1L1"
"ENSG00000099999.15",173.658768966134,0.637300228190736,0.199440434705463,3.19544143158287,0.00139617116827354,0.0488595864346735,"protein_coding","RNF215"
"ENSG00000037042.9",85.9198120122412,0.678959680721472,0.212820933828083,3.1902861645647,0.00142131979785719,0.049625852347151,"protein_coding","TUBG2"
"ENSG00000110172.12",2032.43541459572,-0.541078995306151,0.169716623802834,-3.18813197659848,0.00143195162741675,0.0498829176509699,"protein_coding","CHORDC1"
"ENSG00000163219.12",968.26477707175,0.482405170703343,0.15137535316462,3.18681450195349,0.00143849000147568,0.0499450618727099,"protein_coding","ARHGAP25"
"ENSG00000197471.12",10.6958913395646,1.71918229325181,0.539567106570339,3.18622516516896,0.0014414236658039,0.0499450618727099,"protein_coding","SPN"
"ENSG00000258056.2",174.003939818051,0.497995711989779,0.156317437479247,3.18579756692784,0.00144355566167683,0.0499450618727099,"lncRNA","AC009779.3"
